,Document
25873669,<data_structures.document.Document object at 0x000001B4360CC0D0>
24269870,<data_structures.document.Document object at 0x000001B43D5EA040>
17655245,<data_structures.document.Document object at 0x000001B43C83DBB0>
16663649,<data_structures.document.Document object at 0x000001B43DC1EDF0>
33907682,<data_structures.document.Document object at 0x000001B43C9B1040>
16787008,<data_structures.document.Document object at 0x000001B43BFC0CD0>
22053190,<data_structures.document.Document object at 0x000001B43DA93580>
27686467,<data_structures.document.Document object at 0x000001B43D6C0AC0>
20077416,<data_structures.document.Document object at 0x000001B43DCFDE50>
28272361,<data_structures.document.Document object at 0x000001B43C86E4C0>
19280145,<data_structures.document.Document object at 0x000001B43D6E0880>
29372791,<data_structures.document.Document object at 0x000001B43D62F190>
28570053,<data_structures.document.Document object at 0x000001B43C83D8E0>
32628597,<data_structures.document.Document object at 0x000001B43DC0A880>
27576046,<data_structures.document.Document object at 0x000001B43DBF7AC0>
29269790,<data_structures.document.Document object at 0x000001B43D8D1610>
19132683,<data_structures.document.Document object at 0x000001B43C815400>
20812136,<data_structures.document.Document object at 0x000001B43CC7E520>
16478243,<data_structures.document.Document object at 0x000001B43CAE1DC0>
8421520,<data_structures.document.Document object at 0x000001B43DA811C0>
21510709,<data_structures.document.Document object at 0x000001B43D8BF0A0>
30021423,<data_structures.document.Document object at 0x000001B43DF3A670>
22038118,<data_structures.document.Document object at 0x000001B43D8B01C0>
27933900,<data_structures.document.Document object at 0x000001B43DA7DE50>
26302213,<data_structures.document.Document object at 0x000001B43AAE1610>
17571969,<data_structures.document.Document object at 0x000001B43CE00220>
26947765,<data_structures.document.Document object at 0x000001B43CE2FD30>
28653245,<data_structures.document.Document object at 0x000001B43CE371C0>
33406721,<data_structures.document.Document object at 0x000001B43D6C3CA0>
24312275,<data_structures.document.Document object at 0x000001B43D60EAC0>
27268503,<data_structures.document.Document object at 0x000001B43DF0B310>
21487710,<data_structures.document.Document object at 0x000001B43E039B20>
12381111,<data_structures.document.Document object at 0x000001B43E0F7D60>
15309535,<data_structures.document.Document object at 0x000001B43E221D30>
23270496,<data_structures.document.Document object at 0x000001B43DA24CA0>
29522491,<data_structures.document.Document object at 0x000001B43E062040>
33773231,<data_structures.document.Document object at 0x000001B43E25D160>
24799982,<data_structures.document.Document object at 0x000001B43E062A30>
17411064,<data_structures.document.Document object at 0x000001B43E039CA0>
20521817,<data_structures.document.Document object at 0x000001B43E05AB50>
23668830,<data_structures.document.Document object at 0x000001B43E204D90>
21902799,<data_structures.document.Document object at 0x000001B43E3EF610>
16173460,<data_structures.document.Document object at 0x000001B43E179BB0>
30575383,<data_structures.document.Document object at 0x000001B43DF0BBE0>
10370866,<data_structures.document.Document object at 0x000001B43E4E68B0>
19490505,<data_structures.document.Document object at 0x000001B43E3D3940>
30394306,<data_structures.document.Document object at 0x000001B43E52FD90>
24262561,<data_structures.document.Document object at 0x000001B43E0DEA00>
24267561,<data_structures.document.Document object at 0x000001B43C81D340>
12526717,<data_structures.document.Document object at 0x000001B43E369520>
10552833,<data_structures.document.Document object at 0x000001B43E0EA550>
10733549,<data_structures.document.Document object at 0x000001B43E68A880>
17177808,<data_structures.document.Document object at 0x000001B43E3AD5B0>
18272377,<data_structures.document.Document object at 0x000001B43E3122B0>
21717185,<data_structures.document.Document object at 0x000001B43E3DAB50>
15779070,<data_structures.document.Document object at 0x000001B43E082250>
18294857,<data_structures.document.Document object at 0x000001B43E7CD1F0>
17049256,<data_structures.document.Document object at 0x000001B43E203640>
11962253,<data_structures.document.Document object at 0x000001B43DC14340>
19249252,<data_structures.document.Document object at 0x000001B43E6593A0>
27623505,<data_structures.document.Document object at 0x000001B43E7F1370>
26453007,<data_structures.document.Document object at 0x000001B43E6595B0>
25050857,<data_structures.document.Document object at 0x000001B43E369B80>
18799660,<data_structures.document.Document object at 0x000001B43AB10CD0>
18481015,<data_structures.document.Document object at 0x000001B43E156DC0>
33868342,<data_structures.document.Document object at 0x000001B43E797430>
10526965,<data_structures.document.Document object at 0x000001B43E05BB20>
17147446,<data_structures.document.Document object at 0x000001B43E64A8E0>
29331860,<data_structures.document.Document object at 0x000001B43E506070>
22224931,<data_structures.document.Document object at 0x000001B43E36F550>
25567208,<data_structures.document.Document object at 0x000001B43EAA19A0>
31621948,<data_structures.document.Document object at 0x000001B43E79F820>
18944341,<data_structures.document.Document object at 0x000001B43E0B93D0>
17168899,<data_structures.document.Document object at 0x000001B43E7C8580>
21425931,<data_structures.document.Document object at 0x000001B43EACA220>
18298071,<data_structures.document.Document object at 0x000001B43EAC3340>
28168876,<data_structures.document.Document object at 0x000001B43DC14DF0>
17128434,<data_structures.document.Document object at 0x000001B43E1FD670>
21865488,<data_structures.document.Document object at 0x000001B43E22A100>
33151680,<data_structures.document.Document object at 0x000001B43EB9AE20>
17883256,<data_structures.document.Document object at 0x000001B43EA7AEE0>
19102745,<data_structures.document.Document object at 0x000001B43EAA1550>
28332216,<data_structures.document.Document object at 0x000001B43EAFD430>
17032013,<data_structures.document.Document object at 0x000001B43EB82790>
27338256,<data_structures.document.Document object at 0x000001B43EC8D310>
22305077,<data_structures.document.Document object at 0x000001B43E18C1F0>
31531782,<data_structures.document.Document object at 0x000001B43E037070>
33890349,<data_structures.document.Document object at 0x000001B43EB56580>
31925968,<data_structures.document.Document object at 0x000001B43E939E80>
17440990,<data_structures.document.Document object at 0x000001B43E95BB80>
15998130,<data_structures.document.Document object at 0x000001B43E144490>
10691624,<data_structures.document.Document object at 0x000001B43E79F430>
27390733,<data_structures.document.Document object at 0x000001B43E0E7670>
17956300,<data_structures.document.Document object at 0x000001B43E9210D0>
23374859,<data_structures.document.Document object at 0x000001B43EF2D100>
15359598,<data_structures.document.Document object at 0x000001B43EF0FD00>
24075811,<data_structures.document.Document object at 0x000001B43E7C8640>
30471982,<data_structures.document.Document object at 0x000001B43E12A190>
31817440,<data_structures.document.Document object at 0x000001B43F044070>
11032479,<data_structures.document.Document object at 0x000001B43F044190>
11902955,<data_structures.document.Document object at 0x000001B43EA8F1F0>
15134373,<data_structures.document.Document object at 0x000001B43E3A92E0>
27491020,<data_structures.document.Document object at 0x000001B43EF0BF40>
27695466,<data_structures.document.Document object at 0x000001B43EF0EBE0>
17897053,<data_structures.document.Document object at 0x000001B43F1AF040>
27277074,<data_structures.document.Document object at 0x000001B43EF0B6D0>
20687553,<data_structures.document.Document object at 0x000001B43EA8F5B0>
19116720,<data_structures.document.Document object at 0x000001B43EBA3D00>
29672819,<data_structures.document.Document object at 0x000001B43EED0F70>
21821423,<data_structures.document.Document object at 0x000001B43EED0340>
24949881,<data_structures.document.Document object at 0x000001B43F06EF70>
15748702,<data_structures.document.Document object at 0x000001B43E75A460>
30862045,<data_structures.document.Document object at 0x000001B43F18D0D0>
25566290,<data_structures.document.Document object at 0x000001B43F0C4C40>
7776662,<data_structures.document.Document object at 0x000001B43F153AC0>
14518937,<data_structures.document.Document object at 0x000001B44020B8E0>
27882602,<data_structures.document.Document object at 0x000001B4402F9BE0>
33919396,<data_structures.document.Document object at 0x000001B43F0AE1F0>
18759443,<data_structures.document.Document object at 0x000001B440388670>
16709068,<data_structures.document.Document object at 0x000001B43EFD62E0>
27833117,<data_structures.document.Document object at 0x000001B43E37F880>
25197936,<data_structures.document.Document object at 0x000001B44043AA60>
19237510,<data_structures.document.Document object at 0x000001B43EEDB760>
28878794,<data_structures.document.Document object at 0x000001B43F0552E0>
15162144,<data_structures.document.Document object at 0x000001B4402F9220>
21120261,<data_structures.document.Document object at 0x000001B43E19F1C0>
33807609,<data_structures.document.Document object at 0x000001B43F068A90>
27079867,<data_structures.document.Document object at 0x000001B4404B2C10>
31481225,<data_structures.document.Document object at 0x000001B43EDFD070>
29726680,<data_structures.document.Document object at 0x000001B43E095FD0>
17574636,<data_structures.document.Document object at 0x000001B44055BFA0>
20704182,<data_structures.document.Document object at 0x000001B43D9F6820>
25014026,<data_structures.document.Document object at 0x000001B44058B1C0>
23146760,<data_structures.document.Document object at 0x000001B43F111BB0>
3922423,<data_structures.document.Document object at 0x000001B43EE3A2E0>
30203690,<data_structures.document.Document object at 0x000001B43EB81BE0>
19443200,<data_structures.document.Document object at 0x000001B43E907C70>
26253832,<data_structures.document.Document object at 0x000001B43EDC2A30>
18324741,<data_structures.document.Document object at 0x000001B4403241C0>
30302553,<data_structures.document.Document object at 0x000001B43E4F75B0>
16756350,<data_structures.document.Document object at 0x000001B43D6C33A0>
27534129,<data_structures.document.Document object at 0x000001B43D6C38E0>
33683879,<data_structures.document.Document object at 0x000001B43E552B80>
28345676,<data_structures.document.Document object at 0x000001B43E6E1FD0>
31678221,<data_structures.document.Document object at 0x000001B43DA904C0>
24498957,<data_structures.document.Document object at 0x000001B43DB96B20>
28911531,<data_structures.document.Document object at 0x000001B43DB965E0>
25420769,<data_structures.document.Document object at 0x000001B43CE000D0>
18420333,<data_structures.document.Document object at 0x000001B43E3D3FD0>
9586953,<data_structures.document.Document object at 0x000001B43D6C3040>
24914895,<data_structures.document.Document object at 0x000001B43C6E7C70>
20953776,<data_structures.document.Document object at 0x000001B43E5DDEB0>
24630056,<data_structures.document.Document object at 0x000001B43ECB1700>
26517558,<data_structures.document.Document object at 0x000001B43DBDDD90>
31154513,<data_structures.document.Document object at 0x000001B43DE56DF0>
9204882,<data_structures.document.Document object at 0x000001B43DC64250>
23578977,<data_structures.document.Document object at 0x000001B43A9C3C70>
22465196,<data_structures.document.Document object at 0x000001B43CB12790>
9292395,<data_structures.document.Document object at 0x000001B43EF2DD00>
10824865,<data_structures.document.Document object at 0x000001B43AF397F0>
33918825,<data_structures.document.Document object at 0x000001B43CDC50D0>
9225853,<data_structures.document.Document object at 0x000001B43A3F0A60>
10796021,<data_structures.document.Document object at 0x000001B439C1A220>
28763992,<data_structures.document.Document object at 0x000001B43D6F6E80>
33636782,<data_structures.document.Document object at 0x000001B43D8028B0>
12620343,<data_structures.document.Document object at 0x000001B43AD1D0D0>
21494846,<data_structures.document.Document object at 0x000001B43AB873A0>
23500714,<data_structures.document.Document object at 0x000001B43DC9D220>
10426957,<data_structures.document.Document object at 0x000001B43CBC8040>
15809979,<data_structures.document.Document object at 0x000001B43CC8F2E0>
28279696,<data_structures.document.Document object at 0x000001B439C6C040>
21803587,<data_structures.document.Document object at 0x000001B439C6E4C0>
16160820,<data_structures.document.Document object at 0x000001B43CCA1250>
27288926,<data_structures.document.Document object at 0x000001B43EDFD160>
17270014,<data_structures.document.Document object at 0x000001B43E18E0D0>
28012964,<data_structures.document.Document object at 0x000001B43DB49F10>
31855818,<data_structures.document.Document object at 0x000001B43C92EDF0>
31817915,<data_structures.document.Document object at 0x000001B44043AC70>
32019195,<data_structures.document.Document object at 0x000001B4404B2A60>
28081154,<data_structures.document.Document object at 0x000001B43A9765E0>
20810189,<data_structures.document.Document object at 0x000001B43E03A2E0>
32259674,<data_structures.document.Document object at 0x000001B43C227AC0>
2184816,<data_structures.document.Document object at 0x000001B43A09B2B0>
22961129,<data_structures.document.Document object at 0x000001B43AE698E0>
20726013,<data_structures.document.Document object at 0x000001B43DB181F0>
30611873,<data_structures.document.Document object at 0x000001B43A6CBB50>
2200709,<data_structures.document.Document object at 0x000001B43E0A20A0>
19433224,<data_structures.document.Document object at 0x000001B43D1E4040>
19127717,<data_structures.document.Document object at 0x000001B43E0A2790>
21256040,<data_structures.document.Document object at 0x000001B439E2E070>
21189227,<data_structures.document.Document object at 0x000001B439D8C9D0>
22953865,<data_structures.document.Document object at 0x000001B43DB22100>
23893079,<data_structures.document.Document object at 0x000001B43DC86BE0>
19663442,<data_structures.document.Document object at 0x000001B43D9BFB50>
21147328,<data_structures.document.Document object at 0x000001B44060D8E0>
14696625,<data_structures.document.Document object at 0x000001B43EDD7A60>
18841974,<data_structures.document.Document object at 0x000001B43EEF2A30>
19738051,<data_structures.document.Document object at 0x000001B43CA81E80>
11676482,<data_structures.document.Document object at 0x000001B43AE7B280>
11606380,<data_structures.document.Document object at 0x000001B43C770FD0>
31347157,<data_structures.document.Document object at 0x000001B43D9C1130>
11092574,<data_structures.document.Document object at 0x000001B43A14F9D0>
24313394,<data_structures.document.Document object at 0x000001B43D80CD60>
20199826,<data_structures.document.Document object at 0x000001B43F05B670>
26141435,<data_structures.document.Document object at 0x000001B43C0B0670>
33073314,<data_structures.document.Document object at 0x000001B43AD03040>
22120111,<data_structures.document.Document object at 0x000001B435EF95E0>
18163557,<data_structures.document.Document object at 0x000001B436591AC0>
21751812,<data_structures.document.Document object at 0x000001B43D4D54F0>
17326657,<data_structures.document.Document object at 0x000001B43A5C21F0>
30798357,<data_structures.document.Document object at 0x000001B43C9A7E20>
17963800,<data_structures.document.Document object at 0x000001B43D49B7C0>
12182914,<data_structures.document.Document object at 0x000001B43D4D5850>
19105651,<data_structures.document.Document object at 0x000001B43AB6FA00>
9599270,<data_structures.document.Document object at 0x000001B43D4A46D0>
22108298,<data_structures.document.Document object at 0x000001B43A5A8C40>
26409447,<data_structures.document.Document object at 0x000001B43D4105E0>
11714355,<data_structures.document.Document object at 0x000001B43D8603D0>
20455561,<data_structures.document.Document object at 0x000001B43ED89E80>
19883238,<data_structures.document.Document object at 0x000001B43EE25C10>
14504909,<data_structures.document.Document object at 0x000001B43D647310>
19101604,<data_structures.document.Document object at 0x000001B439B2FD90>
18478524,<data_structures.document.Document object at 0x000001B435F99FA0>
22830334,<data_structures.document.Document object at 0x000001B4398CD7C0>
12095167,<data_structures.document.Document object at 0x000001B439D3E730>
12180499,<data_structures.document.Document object at 0x000001B43AA282E0>
18460131,<data_structures.document.Document object at 0x000001B43CAB01F0>
30149299,<data_structures.document.Document object at 0x000001B43D80CDF0>
21470613,<data_structures.document.Document object at 0x000001B43CE08160>
25505154,<data_structures.document.Document object at 0x000001B43CDF66A0>
9735330,<data_structures.document.Document object at 0x000001B43AA40B50>
25788047,<data_structures.document.Document object at 0x000001B43AA218E0>
25952326,<data_structures.document.Document object at 0x000001B43A14FC10>
28010771,<data_structures.document.Document object at 0x000001B43617F280>
31452220,<data_structures.document.Document object at 0x000001B439D20C40>
26212523,<data_structures.document.Document object at 0x000001B43D3FC7F0>
23229870,<data_structures.document.Document object at 0x000001B43D41D220>
27475863,<data_structures.document.Document object at 0x000001B43A98C910>
18996091,<data_structures.document.Document object at 0x000001B4398AADF0>
10219463,<data_structures.document.Document object at 0x000001B43CE06DC0>
21340517,<data_structures.document.Document object at 0x000001B43E028040>
18927354,<data_structures.document.Document object at 0x000001B43AF3C640>
21314127,<data_structures.document.Document object at 0x000001B43A5BC580>
12135100,<data_structures.document.Document object at 0x000001B43CEE1970>
23489233,<data_structures.document.Document object at 0x000001B439B2C2B0>
9500997,<data_structures.document.Document object at 0x000001B43D2C8E80>
22792328,<data_structures.document.Document object at 0x000001B43EB689A0>
23877152,<data_structures.document.Document object at 0x000001B43AF8F640>
21557969,<data_structures.document.Document object at 0x000001B43EB649D0>
23139127,<data_structures.document.Document object at 0x000001B43C827880>
7499059,<data_structures.document.Document object at 0x000001B43A6CB220>
18633153,<data_structures.document.Document object at 0x000001B43CAC3A60>
27405437,<data_structures.document.Document object at 0x000001B43AA56E50>
23157192,<data_structures.document.Document object at 0x000001B4361B7490>
28393691,<data_structures.document.Document object at 0x000001B43CA570D0>
9404057,<data_structures.document.Document object at 0x000001B43A837E80>
27148326,<data_structures.document.Document object at 0x000001B43D41D430>
22223808,<data_structures.document.Document object at 0x000001B43DBE1EB0>
24948530,<data_structures.document.Document object at 0x000001B4361A5B80>
22137037,<data_structures.document.Document object at 0x000001B43D41DA30>
30578258,<data_structures.document.Document object at 0x000001B43A821880>
26805801,<data_structures.document.Document object at 0x000001B43AAC0580>
16801100,<data_structures.document.Document object at 0x000001B440433700>
28695536,<data_structures.document.Document object at 0x000001B43DE63190>
24114480,<data_structures.document.Document object at 0x000001B43EB3DE20>
28157155,<data_structures.document.Document object at 0x000001B43C991FA0>
11181455,<data_structures.document.Document object at 0x000001B43E23E5E0>
23035943,<data_structures.document.Document object at 0x000001B440575670>
11262023,<data_structures.document.Document object at 0x000001B43AF342E0>
22249749,<data_structures.document.Document object at 0x000001B43C0525E0>
28283884,<data_structures.document.Document object at 0x000001B4402694C0>
11605763,<data_structures.document.Document object at 0x000001B43CB094C0>
26603215,<data_structures.document.Document object at 0x000001B43E571940>
11279601,<data_structures.document.Document object at 0x000001B4404B70A0>
22700762,<data_structures.document.Document object at 0x000001B43EC34130>
22777386,<data_structures.document.Document object at 0x000001B44026D790>
16968079,<data_structures.document.Document object at 0x000001B43E5EF2B0>
18943955,<data_structures.document.Document object at 0x000001B44049CA60>
19744470,<data_structures.document.Document object at 0x000001B43E8E2610>
22646735,<data_structures.document.Document object at 0x000001B43E27F2E0>
17009167,<data_structures.document.Document object at 0x000001B4403EDF10>
23394084,<data_structures.document.Document object at 0x000001B43E47ADC0>
10448061,<data_structures.document.Document object at 0x000001B44026D130>
26771130,<data_structures.document.Document object at 0x000001B43C9217C0>
20655556,<data_structures.document.Document object at 0x000001B4402DDE50>
10843709,<data_structures.document.Document object at 0x000001B4402D9730>
20642113,<data_structures.document.Document object at 0x000001B43AF006D0>
26647105,<data_structures.document.Document object at 0x000001B43D555760>
11312782,<data_structures.document.Document object at 0x000001B43E8C7070>
20061362,<data_structures.document.Document object at 0x000001B4399C52E0>
20522997,<data_structures.document.Document object at 0x000001B4404F3310>
11115955,<data_structures.document.Document object at 0x000001B43CC0EAC0>
11561904,<data_structures.document.Document object at 0x000001B43E9C63A0>
10499128,<data_structures.document.Document object at 0x000001B43DD643D0>
11499695,<data_structures.document.Document object at 0x000001B4405B91C0>
12180187,<data_structures.document.Document object at 0x000001B4403C7F40>
26346937,<data_structures.document.Document object at 0x000001B43AF00940>
21663493,<data_structures.document.Document object at 0x000001B43E84C760>
26303405,<data_structures.document.Document object at 0x000001B43ED5D880>
24345046,<data_structures.document.Document object at 0x000001B43EE493D0>
16761963,<data_structures.document.Document object at 0x000001B43EE43C70>
29589146,<data_structures.document.Document object at 0x000001B43CC0B1C0>
19614797,<data_structures.document.Document object at 0x000001B4404C8520>
19021877,<data_structures.document.Document object at 0x000001B43E565AF0>
22516542,<data_structures.document.Document object at 0x000001B43E5659A0>
27973421,<data_structures.document.Document object at 0x000001B43D598280>
26781778,<data_structures.document.Document object at 0x000001B43E5C1520>
21624119,<data_structures.document.Document object at 0x000001B43C365400>
31511556,<data_structures.document.Document object at 0x000001B43E87D430>
25726587,<data_structures.document.Document object at 0x000001B43C385E80>
32512223,<data_structures.document.Document object at 0x000001B4405C40A0>
9127691,<data_structures.document.Document object at 0x000001B43E680430>
29241147,<data_structures.document.Document object at 0x000001B43E553430>
26845578,<data_structures.document.Document object at 0x000001B43E5531F0>
31923871,<data_structures.document.Document object at 0x000001B43E565D90>
30754928,<data_structures.document.Document object at 0x000001B43DE8C8B0>
31719245,<data_structures.document.Document object at 0x000001B4399C13A0>
30090107,<data_structures.document.Document object at 0x000001B43ECF5A90>
25837778,<data_structures.document.Document object at 0x000001B4402814C0>
24020412,<data_structures.document.Document object at 0x000001B4405C3310>
24151295,<data_structures.document.Document object at 0x000001B43E680D00>
25172731,<data_structures.document.Document object at 0x000001B43ED0EE80>
28570943,<data_structures.document.Document object at 0x000001B4401938E0>
12650625,<data_structures.document.Document object at 0x000001B43ECF2670>
18096094,<data_structures.document.Document object at 0x000001B4403D0C70>
23116673,<data_structures.document.Document object at 0x000001B44077DD00>
11432907,<data_structures.document.Document object at 0x000001B440194940>
15884861,<data_structures.document.Document object at 0x000001B4401BD1C0>
19631405,<data_structures.document.Document object at 0x000001B440189F10>
17306316,<data_structures.document.Document object at 0x000001B43ECF2B50>
10552542,<data_structures.document.Document object at 0x000001B4408B1970>
18177016,<data_structures.document.Document object at 0x000001B4408DF580>
17202685,<data_structures.document.Document object at 0x000001B440992D90>
2103451,<data_structures.document.Document object at 0x000001B43E679AF0>
31309591,<data_structures.document.Document object at 0x000001B43EE4BE20>
18167310,<data_structures.document.Document object at 0x000001B4408B51C0>
30149150,<data_structures.document.Document object at 0x000001B4408E1AF0>
25715927,<data_structures.document.Document object at 0x000001B43E6765B0>
26381723,<data_structures.document.Document object at 0x000001B4402EB5B0>
20076992,<data_structures.document.Document object at 0x000001B4399A7040>
18486604,<data_structures.document.Document object at 0x000001B440AFE430>
29926200,<data_structures.document.Document object at 0x000001B4399A7C40>
17534123,<data_structures.document.Document object at 0x000001B440A93CA0>
21426946,<data_structures.document.Document object at 0x000001B43E438730>
18980255,<data_structures.document.Document object at 0x000001B4403F6490>
18644630,<data_structures.document.Document object at 0x000001B440C56970>
22865646,<data_structures.document.Document object at 0x000001B440C56F70>
18762429,<data_structures.document.Document object at 0x000001B440AC1730>
21974738,<data_structures.document.Document object at 0x000001B43E6827F0>
21381750,<data_structures.document.Document object at 0x000001B43E875CA0>
29477599,<data_structures.document.Document object at 0x000001B440CF4B20>
23042952,<data_structures.document.Document object at 0x000001B440D68F10>
33669268,<data_structures.document.Document object at 0x000001B43C35E220>
18023075,<data_structures.document.Document object at 0x000001B440921670>
25675955,<data_structures.document.Document object at 0x000001B440991C70>
16731548,<data_structures.document.Document object at 0x000001B440955850>
16457641,<data_structures.document.Document object at 0x000001B440AE1760>
20004046,<data_structures.document.Document object at 0x000001B44029E970>
12583990,<data_structures.document.Document object at 0x000001B4408EE430>
12510025,<data_structures.document.Document object at 0x000001B440C201F0>
18969083,<data_structures.document.Document object at 0x000001B440EAF910>
18646269,<data_structures.document.Document object at 0x000001B440C20610>
20869393,<data_structures.document.Document object at 0x000001B440D68490>
15736313,<data_structures.document.Document object at 0x000001B44027E0D0>
15471458,<data_structures.document.Document object at 0x000001B440C1E4C0>
9390437,<data_structures.document.Document object at 0x000001B440C1EF40>
15134383,<data_structures.document.Document object at 0x000001B43E531A60>
15326546,<data_structures.document.Document object at 0x000001B440CE89D0>
14666716,<data_structures.document.Document object at 0x000001B440EAC490>
17333175,<data_structures.document.Document object at 0x000001B440D5F100>
20599800,<data_structures.document.Document object at 0x000001B440D5F460>
14651345,<data_structures.document.Document object at 0x000001B440C5D970>
20641411,<data_structures.document.Document object at 0x000001B440C1E8B0>
28216605,<data_structures.document.Document object at 0x000001B440C472B0>
12175520,<data_structures.document.Document object at 0x000001B440AB7730>
32691886,<data_structures.document.Document object at 0x000001B44027E6A0>
32221407,<data_structures.document.Document object at 0x000001B4403D3400>
23790850,<data_structures.document.Document object at 0x000001B440D36E80>
20223091,<data_structures.document.Document object at 0x000001B440F30490>
15941348,<data_structures.document.Document object at 0x000001B440DE3D00>
21130054,<data_structures.document.Document object at 0x000001B440C5B5B0>
21783793,<data_structures.document.Document object at 0x000001B440EACA00>
25310254,<data_structures.document.Document object at 0x000001B44091FCA0>
24276949,<data_structures.document.Document object at 0x000001B44108F130>
12208745,<data_structures.document.Document object at 0x000001B440884F70>
24898617,<data_structures.document.Document object at 0x000001B440D28070>
28672886,<data_structures.document.Document object at 0x000001B440982880>
21212619,<data_structures.document.Document object at 0x000001B440D412B0>
10846749,<data_structures.document.Document object at 0x000001B4410BB880>
15686436,<data_structures.document.Document object at 0x000001B440262DF0>
31316594,<data_structures.document.Document object at 0x000001B4402A5B80>
24170740,<data_structures.document.Document object at 0x000001B440F32EB0>
21073977,<data_structures.document.Document object at 0x000001B441337AC0>
14714142,<data_structures.document.Document object at 0x000001B4408CE9A0>
15883738,<data_structures.document.Document object at 0x000001B441243580>
20155763,<data_structures.document.Document object at 0x000001B441080250>
31023874,<data_structures.document.Document object at 0x000001B440CABF10>
15656672,<data_structures.document.Document object at 0x000001B441473AF0>
17117799,<data_structures.document.Document object at 0x000001B441205A30>
28243286,<data_structures.document.Document object at 0x000001B440D3EAC0>
28034505,<data_structures.document.Document object at 0x000001B44156CC10>
15213366,<data_structures.document.Document object at 0x000001B441225D30>
28300698,<data_structures.document.Document object at 0x000001B44159DCA0>
15276085,<data_structures.document.Document object at 0x000001B441313D30>
21718033,<data_structures.document.Document object at 0x000001B440D3E340>
31167390,<data_structures.document.Document object at 0x000001B4414C3BE0>
24361291,<data_structures.document.Document object at 0x000001B441300430>
22980903,<data_structures.document.Document object at 0x000001B441706E50>
25288352,<data_structures.document.Document object at 0x000001B4416F82E0>
24171397,<data_structures.document.Document object at 0x000001B44088F9A0>
17676713,<data_structures.document.Document object at 0x000001B441518670>
31108853,<data_structures.document.Document object at 0x000001B441252970>
31505897,<data_structures.document.Document object at 0x000001B4413139A0>
32125844,<data_structures.document.Document object at 0x000001B440DE8C10>
27612029,<data_structures.document.Document object at 0x000001B441651970>
26788254,<data_structures.document.Document object at 0x000001B4418CE640>
15264904,<data_structures.document.Document object at 0x000001B440DE8100>
24502206,<data_structures.document.Document object at 0x000001B4414C3C40>
22939207,<data_structures.document.Document object at 0x000001B44124C910>
30653610,<data_structures.document.Document object at 0x000001B4419FDEB0>
25856060,<data_structures.document.Document object at 0x000001B441A96490>
15853379,<data_structures.document.Document object at 0x000001B4414F86D0>
15878840,<data_structures.document.Document object at 0x000001B440A53070>
32723252,<data_structures.document.Document object at 0x000001B441AC3100>
28990504,<data_structures.document.Document object at 0x000001B441B4C430>
31351395,<data_structures.document.Document object at 0x000001B441A2DD30>
24595464,<data_structures.document.Document object at 0x000001B440DE80A0>
33799882,<data_structures.document.Document object at 0x000001B44144C8E0>
31350127,<data_structures.document.Document object at 0x000001B441B1DCD0>
32896925,<data_structures.document.Document object at 0x000001B441A08100>
32511904,<data_structures.document.Document object at 0x000001B441080160>
26250502,<data_structures.document.Document object at 0x000001B441443670>
27063447,<data_structures.document.Document object at 0x000001B441CD71C0>
31323995,<data_structures.document.Document object at 0x000001B441DA55E0>
15237944,<data_structures.document.Document object at 0x000001B440DE8F70>
28928759,<data_structures.document.Document object at 0x000001B441301550>
33007036,<data_structures.document.Document object at 0x000001B441E3E280>
12400706,<data_structures.document.Document object at 0x000001B441E31EE0>
32397203,<data_structures.document.Document object at 0x000001B441301D90>
26373576,<data_structures.document.Document object at 0x000001B44164A490>
28551990,<data_structures.document.Document object at 0x000001B441AD6F40>
31812093,<data_structures.document.Document object at 0x000001B441EA14F0>
25819309,<data_structures.document.Document object at 0x000001B441F18F40>
18551458,<data_structures.document.Document object at 0x000001B44164A6D0>
16865264,<data_structures.document.Document object at 0x000001B4414C3B50>
12679191,<data_structures.document.Document object at 0x000001B44186C6D0>
30909544,<data_structures.document.Document object at 0x000001B441DADBB0>
31795232,<data_structures.document.Document object at 0x000001B441E2BDC0>
25016324,<data_structures.document.Document object at 0x000001B441CD5F10>
17474865,<data_structures.document.Document object at 0x000001B44144A910>
26973657,<data_structures.document.Document object at 0x000001B4418929D0>
28067817,<data_structures.document.Document object at 0x000001B4419EDEE0>
28803136,<data_structures.document.Document object at 0x000001B441D51940>
28288509,<data_structures.document.Document object at 0x000001B441DDA8E0>
28685295,<data_structures.document.Document object at 0x000001B442132CD0>
12877593,<data_structures.document.Document object at 0x000001B441B3EF40>
19459636,<data_structures.document.Document object at 0x000001B441E10AC0>
28875674,<data_structures.document.Document object at 0x000001B4412BFAF0>
18666380,<data_structures.document.Document object at 0x000001B441DB9730>
15464834,<data_structures.document.Document object at 0x000001B442259490>
30791436,<data_structures.document.Document object at 0x000001B44228C040>
30797367,<data_structures.document.Document object at 0x000001B441E43190>
28964355,<data_structures.document.Document object at 0x000001B441DC4EB0>
29884360,<data_structures.document.Document object at 0x000001B44200C8B0>
18516504,<data_structures.document.Document object at 0x000001B441FFC400>
31916409,<data_structures.document.Document object at 0x000001B441B3EF70>
6427224,<data_structures.document.Document object at 0x000001B44213F1C0>
19443619,<data_structures.document.Document object at 0x000001B44228C9D0>
27890584,<data_structures.document.Document object at 0x000001B441D71A30>
19447634,<data_structures.document.Document object at 0x000001B44236AA30>
31681373,<data_structures.document.Document object at 0x000001B441E43430>
2450022,<data_structures.document.Document object at 0x000001B441D84D90>
29496450,<data_structures.document.Document object at 0x000001B4419D5790>
21424580,<data_structures.document.Document object at 0x000001B442365820>
23567244,<data_structures.document.Document object at 0x000001B4419F16A0>
27588016,<data_structures.document.Document object at 0x000001B441E562B0>
12926902,<data_structures.document.Document object at 0x000001B441D30AC0>
30790326,<data_structures.document.Document object at 0x000001B4423DE550>
23819562,<data_structures.document.Document object at 0x000001B442440400>
24594183,<data_structures.document.Document object at 0x000001B4423DE940>
15884811,<data_structures.document.Document object at 0x000001B4422114F0>
25674504,<data_structures.document.Document object at 0x000001B4416A3250>
33529021,<data_structures.document.Document object at 0x000001B442009250>
29261692,<data_structures.document.Document object at 0x000001B4424BAC10>
16684708,<data_structures.document.Document object at 0x000001B4420096D0>
24462176,<data_structures.document.Document object at 0x000001B44229E370>
17625875,<data_structures.document.Document object at 0x000001B4423DECA0>
23387286,<data_structures.document.Document object at 0x000001B442275CD0>
28501003,<data_structures.document.Document object at 0x000001B44271F3D0>
28587209,<data_structures.document.Document object at 0x000001B44271F850>
15997411,<data_structures.document.Document object at 0x000001B4424867C0>
15621628,<data_structures.document.Document object at 0x000001B441A9C640>
33233303,<data_structures.document.Document object at 0x000001B441C3F760>
649051,<data_structures.document.Document object at 0x000001B441711D30>
19631278,<data_structures.document.Document object at 0x000001B4418A5940>
28324165,<data_structures.document.Document object at 0x000001B441C37A60>
26882851,<data_structures.document.Document object at 0x000001B44145CA90>
23103597,<data_structures.document.Document object at 0x000001B440D41910>
27656886,<data_structures.document.Document object at 0x000001B440F6E250>
14554199,<data_structures.document.Document object at 0x000001B441109F40>
11295530,<data_structures.document.Document object at 0x000001B442029D90>
16284688,<data_structures.document.Document object at 0x000001B4418A5970>
26459286,<data_structures.document.Document object at 0x000001B440787FA0>
28946218,<data_structures.document.Document object at 0x000001B44077CFD0>
11762173,<data_structures.document.Document object at 0x000001B440BF0FD0>
32348140,<data_structures.document.Document object at 0x000001B441429610>
30814549,<data_structures.document.Document object at 0x000001B43C365A60>
11982391,<data_structures.document.Document object at 0x000001B4399C5A00>
17017764,<data_structures.document.Document object at 0x000001B4405E9CA0>
15570015,<data_structures.document.Document object at 0x000001B4414A1B50>
30551481,<data_structures.document.Document object at 0x000001B441CD1F10>
29138972,<data_structures.document.Document object at 0x000001B43C370520>
22645089,<data_structures.document.Document object at 0x000001B4402699D0>
26456465,<data_structures.document.Document object at 0x000001B43EC34910>
11607544,<data_structures.document.Document object at 0x000001B43E533220>
30078075,<data_structures.document.Document object at 0x000001B43C365E20>
32886393,<data_structures.document.Document object at 0x000001B43DE63FA0>
25234809,<data_structures.document.Document object at 0x000001B43AAC0D60>
28926983,<data_structures.document.Document object at 0x000001B4414030A0>
29158266,<data_structures.document.Document object at 0x000001B43C983D60>
33809507,<data_structures.document.Document object at 0x000001B43AA40E80>
2033084,<data_structures.document.Document object at 0x000001B43C05F9A0>
17806099,<data_structures.document.Document object at 0x000001B441CD1B20>
22100267,<data_structures.document.Document object at 0x000001B441CA2160>
31156673,<data_structures.document.Document object at 0x000001B43C2D67C0>
29051820,<data_structures.document.Document object at 0x000001B43EAFF400>
24584516,<data_structures.document.Document object at 0x000001B43AB7E5B0>
16551366,<data_structures.document.Document object at 0x000001B441240EB0>
33014707,<data_structures.document.Document object at 0x000001B440517DF0>
27580618,<data_structures.document.Document object at 0x000001B43D1975E0>
27810393,<data_structures.document.Document object at 0x000001B439C1A610>
19194030,<data_structures.document.Document object at 0x000001B43C2D6EE0>
25761715,<data_structures.document.Document object at 0x000001B43CAF91C0>
27487946,<data_structures.document.Document object at 0x000001B442332040>
26744218,<data_structures.document.Document object at 0x000001B44225B220>
32347474,<data_structures.document.Document object at 0x000001B43D375F40>
20683716,<data_structures.document.Document object at 0x000001B43D567B50>
27943460,<data_structures.document.Document object at 0x000001B43C8C10A0>
31139252,<data_structures.document.Document object at 0x000001B439EF8B20>
21277758,<data_structures.document.Document object at 0x000001B43C13C070>
15381408,<data_structures.document.Document object at 0x000001B43D3757C0>
20547380,<data_structures.document.Document object at 0x000001B43EC66F40>
24084717,<data_structures.document.Document object at 0x000001B44185A1C0>
17120022,<data_structures.document.Document object at 0x000001B43D55B100>
17938139,<data_structures.document.Document object at 0x000001B44225B8E0>
23690043,<data_structures.document.Document object at 0x000001B43C3CC9A0>
23179442,<data_structures.document.Document object at 0x000001B43AF45F10>
23884857,<data_structures.document.Document object at 0x000001B43DB73C70>
15380179,<data_structures.document.Document object at 0x000001B439D8DAF0>
14563682,<data_structures.document.Document object at 0x000001B4404DE1C0>
23332579,<data_structures.document.Document object at 0x000001B441B33490>
31891261,<data_structures.document.Document object at 0x000001B43C2DF610>
29385664,<data_structures.document.Document object at 0x000001B43E2F1220>
25007571,<data_structures.document.Document object at 0x000001B43E2E6BE0>
31699028,<data_structures.document.Document object at 0x000001B43CABB730>
30784851,<data_structures.document.Document object at 0x000001B43BFF4880>
33444365,<data_structures.document.Document object at 0x000001B43DC728E0>
32214920,<data_structures.document.Document object at 0x000001B43C818730>
31125704,<data_structures.document.Document object at 0x000001B442277190>
28214727,<data_structures.document.Document object at 0x000001B439E46E80>
19264534,<data_structures.document.Document object at 0x000001B43EF64310>
21938424,<data_structures.document.Document object at 0x000001B440FB4D00>
33219248,<data_structures.document.Document object at 0x000001B43EB14FD0>
33602390,<data_structures.document.Document object at 0x000001B4361D9B50>
30054757,<data_structures.document.Document object at 0x000001B43C809850>
22483545,<data_structures.document.Document object at 0x000001B43EBF6580>
25314001,<data_structures.document.Document object at 0x000001B43DD853A0>
31800968,<data_structures.document.Document object at 0x000001B43E4448B0>
24840287,<data_structures.document.Document object at 0x000001B43C2A0670>
25179823,<data_structures.document.Document object at 0x000001B43EBF3490>
32624814,<data_structures.document.Document object at 0x000001B43D5CBFA0>
17177571,<data_structures.document.Document object at 0x000001B435F7CEB0>
19174460,<data_structures.document.Document object at 0x000001B43C05E400>
18854334,<data_structures.document.Document object at 0x000001B439BE6A60>
16610746,<data_structures.document.Document object at 0x000001B43E9750D0>
26529079,<data_structures.document.Document object at 0x000001B43D2E7B20>
33483982,<data_structures.document.Document object at 0x000001B43DF95160>
32054839,<data_structures.document.Document object at 0x000001B44225A070>
27407139,<data_structures.document.Document object at 0x000001B43ED77E80>
29868043,<data_structures.document.Document object at 0x000001B435F7CF40>
27680538,<data_structures.document.Document object at 0x000001B43DCA1F10>
31311182,<data_structures.document.Document object at 0x000001B439D88700>
28470373,<data_structures.document.Document object at 0x000001B4415A5160>
21128664,<data_structures.document.Document object at 0x000001B43E439520>
1536925,<data_structures.document.Document object at 0x000001B439A3F9A0>
16668544,<data_structures.document.Document object at 0x000001B4421C0490>
8083886,<data_structures.document.Document object at 0x000001B43C70C0A0>
30678677,<data_structures.document.Document object at 0x000001B43ED82670>
29529275,<data_structures.document.Document object at 0x000001B43CB7AD00>
30445464,<data_structures.document.Document object at 0x000001B44154CFD0>
18191264,<data_structures.document.Document object at 0x000001B43A2CF940>
20060310,<data_structures.document.Document object at 0x000001B440E8F400>
32806110,<data_structures.document.Document object at 0x000001B440EAAB20>
24193635,<data_structures.document.Document object at 0x000001B43A9F6670>
28202018,<data_structures.document.Document object at 0x000001B441FCE5E0>
11880657,<data_structures.document.Document object at 0x000001B43E598F40>
25033820,<data_structures.document.Document object at 0x000001B441890BB0>
33924154,<data_structures.document.Document object at 0x000001B43CB7AFD0>
30781885,<data_structures.document.Document object at 0x000001B43A91F460>
24264887,<data_structures.document.Document object at 0x000001B43E28C820>
24514088,<data_structures.document.Document object at 0x000001B441890820>
32079399,<data_structures.document.Document object at 0x000001B43A900DF0>
26976595,<data_structures.document.Document object at 0x000001B43E6B9130>
20138774,<data_structures.document.Document object at 0x000001B43E6CC040>
27936616,<data_structures.document.Document object at 0x000001B43E598310>
28009095,<data_structures.document.Document object at 0x000001B440EB9A00>
